filename,chunk_id,chunk_text
Eryndor_Leafshade.docx,0,"Eryndor Leafshade
Eryndor is a young Treefolk scout known for his unmatched speed and agility in navigating TreeHome’s dense forests. He serves as a messenger between groves and occasionally ventures beyond TreeHome to observe neighboring factions like the Goblins and Gnomes from afar. Eryndor feels conflicted about these groups; while he admires their ingenuity, he despises their disregard for nature’s balance. His ultimate motivation is to protect TreeHome from outside threats while fostering understanding between factions.
"
Gorath_the_Goblin_King.docx,0,"Gorath the Goblin King
Gorath is the towering and fearsome ruler of Mt. Dorn. His immense strength and cunning have made him a legend among goblins and a terror to his enemies. Gorath views himself as the sole protector of Mt. Dorn, believing its riches are sacred and must not fall into the hands of outsiders. His hatred for the gnomes stems from their relentless attempts to mine his mountain, which he sees as an affront to his sovereignty. Gorath is deeply distrustful of outsiders but harbors a grudging respect for those who prove their strength or cunning. Despite his brutal exterior, Gorath has a soft spot for his goblin kin, often secretly aiding struggling goblin families in his domain. His ultimate motivation is to preserve Mt. Dorn’s sanctity while solidifying his legacy as the greatest goblin leader in history."
The_Abyssal_Realm.docx,0,"The Abyssal Realm
The Abyssal Realm is a vast, largely unexplored underwater domain that stretches across the world's deepest ocean trenches. It is a world of eternal darkness, illuminated only by the bioluminescence of its strange inhabitants. Immense pressure and near-freezing temperatures make it inhospitable to surface dwellers, but life thrives here in bizarre and beautiful forms. Forests of giant tube worms sway in the currents, while schools of transparent fish dart between rock formations sculpted by millennia of ocean currents. Hydrothermal vents create oases of warmth and nutrients, supporting complex ecosystems. The Abyssal Realm is dotted with the ruins of ancient civilizations, sunken cities, and shipwrecks, each holding untold treasures and mysteries. Strange energies permeate certain areas, creating pockets where the laws of nature seem to warp and twist. To the Deepkin, the Abyssal Realm is both home and frontier, a place of danger and wonder that continues to reveal new secrets."
Thalric_Ironbeard.docx,0,"Thalric Ironbeard
Thalric is the elected leader of the gnomes, a position he earned through decades of service to his people. A stout figure with a silver beard braided into intricate patterns, Thalric is both a skilled miner and a shrewd diplomat. He harbors an intense hatred for Gorath, whom he sees as an obstacle to gnomish prosperity. Thalric has been rallying support among neighboring factions to pressure or overthrow the Goblin King but struggles with internal dissent from more pacifist gnomes. Despite his gruff exterior, Thalric cares deeply about his people and views their collective success as his primary motivation.
"
FindingMtDorn_quest.docx,0,"Quest Name: Seeking Mt. Dorn

Talyss Wavecaller asks the player to find a way to enter Mount Dorn. If the player can get there in time, Talyss will give the player 50 gold. If the player fails, Talyss will not give any more quests to the player and they will reduce the player’s reputation with all factions other than the Goblins. The player must make it to Mt. Dorn within the next 40 turns to succeed."
Talyss_Wavecaller.docx,0,"Talyss Wavecaller
Talyss is a priestess of the Deepkin, known for her hauntingly beautiful voice that can calm storms or summon tidal waves depending on her intent. Her bioluminescent skin glows with soft blue patterns that shift like ocean currents, and she wears ceremonial coral jewelry that signifies her high rank within Deepkin society. Talyss is deeply spiritual and believes that the ocean’s will must be obeyed above all else. She views surface dwellers with suspicion but is willing to negotiate if it serves the greater good of her people. Talyss has a tense relationship with Korran Tidebreaker, whom she sees as too reckless in his dealings with outsiders. Her ultimate motivation is to maintain harmony within the Abyssal Realm while ensuring that surface-dwellers do not disrupt its delicate balance.
"
Korrik_Deepdelve.docx,0,"Korrik Deepdelve
Korrik is a grizzled miner who has spent most of his life exploring the deepest tunnels of the Ironroot Range. He has an almost supernatural sense for finding valuable ore veins but harbors deep resentment toward Thalric’s leadership, believing it prioritizes politics over tradition. Korrik dreams of leading an expedition into Mt. Dorn himself, convinced that its riches could secure the gnomes’ future forever—but he also fears Gorath’s wrath should they fail.
"
Lyssara_Abyssglow.docx,0,"Lyssara Abyssglow
Lyssara is an enigmatic scholar among the Deepkin who dedicates her life to studying ancient ruins scattered across the Abyssal Realm. Her ghostly white bioluminescence makes her stand out even among her own kind, and she carries an aura of quiet intensity wherever she goes. Lyssara believes that understanding their ancestors’ lost knowledge could unlock new ways for the Deepkin to thrive in their harsh environment. She has little interest in politics but often advises Talyss on matters related to ancient rituals or artifacts. Lyssara views Korran’s surface expeditions as reckless but secretly envies his courage to explore beyond their watery domain. Her ultimate motivation is to uncover secrets from the past that could shape the future of not just the Deepkin but all who dwell in their world.
"
The_Ironroot_Range.docx,0,"The Ironroot Range
The Ironroot Range stretches across the horizon, a series of jagged peaks and rolling foothills that seem to undulate like waves of stone. True to its name, the range is rich in iron ore, its rusty hues visible in exposed cliff faces and riverbeds. The mountains are crisscrossed with an extensive network of tunnels and mineshafts, some natural but most carved by generations of gnomes. Above ground, hardy pine forests cling to the lower slopes, giving way to alpine meadows bursting with colorful wildflowers in the brief summer months. Mist-shrouded valleys hide crystal-clear lakes fed by glacial meltwater. The range is known for its extreme weather, with howling winds and heavy snowfall in winter, and sudden, violent thunderstorms in summer. Despite these harsh conditions, the Ironroot Range teems with life, from nimble mountain goats to elusive snow leopards. The mountains also harbor secrets: hidden hot springs, caves of quartz crystals, and remnants of ancient, long-forgotten civilizations."
Korran_Tidebreaker.docx,0,"Korran Tidebreaker
Korran is a bold and ambitious Deepkin warrior who often ventures to the surface world in search of resources or alliances that could strengthen his people’s position in an ever-changing oceanic landscape. His pale blue skin is marked with scars from countless battles against sea predators and rival factions within the Abyssal Realm. Korran is fiercely loyal to his people but often clashes with traditionalists like Talyss Wavecaller over his willingness to take risks. He admires surface dwellers for their ingenuity but also sees them as dangerous intruders who must be carefully managed. Korran’s ultimate motivation is to secure his people’s survival by any means necessary, even if it means forging uneasy alliances with those above.
"
The_Gnomes.docx,0,"The Gnomes
The gnomes of the Ironroot Range are a tight-knit community of skilled miners and craftsmen. Standing barely three feet tall, their stout bodies are built for navigating narrow tunnels and wielding heavy tools. Each gnome sports a beard, regardless of gender, often intricately braided and adorned with metallic trinkets that signify their clan and profession. Their society is built on a foundation of shared labor and collective achievement, with individual pursuits seen as secondary to the good of the community. Gnomish technology is highly advanced, incorporating both mechanical ingenuity and elemental magic into their mining operations and daily life. They have a deep reverence for the mountains they inhabit, seeing their mining not as exploitation but as a sacred duty to unearth the treasures hidden within the earth. This worldview puts them at odds with the Goblin King, whom they see as a selfish hoarder denying the world the bounty of Mt. Dorn."
Krug_Ironfang.docx,0,"Krug Ironfang
Krug is Gorath’s most loyal warlord and enforcer, a hulking goblin who thrives on battle and conquest. Unlike Gorath, Krug sees Mt. Dorn’s resources as tools for expansion rather than preservation. He constantly pushes Gorath to launch raids against neighboring lands, particularly the gnomes, whom he despises for their arrogance. Krug has little patience for diplomacy or subtlety, often clashing with Zrakka over strategy. Despite his brutish demeanor, Krug is fiercely loyal to Gorath and would lay down his life for him without hesitation. His ultimate goal is to see the goblins rise as a dominant force in the region, with Mt. Dorn as their unassailable stronghold.
"
Brynna_Gearwhistle.docx,0,"Brynna Gearwhistle
Brynna is a brilliant inventor whose mechanical creations have revolutionized mining in the Ironroot Range. She is small even by gnome standards but possesses an outsized personality and boundless curiosity about how things work. Brynna views Gorath less as an enemy and more as a puzzle to be solved; she believes diplomacy or clever negotiation could unlock access to Mt. Dorn’s riches without bloodshed. Her optimistic outlook often puts her at odds with Thalric but endears her to younger gnomes seeking alternatives to conflict.
"
Kael_Thornstride.docx,0,"Kael Thornstride
Kael is a hunter whose skill with a bow is unmatched among the Treefolk but whose fiery temper often lands him in trouble with elders like Sylvara. Kael harbors deep resentment toward outsiders who encroach on TreeHome’s borders, particularly Goblins who raid nearby forests for resources or Gnomes who clear-cut trees near their mines.
"
The_Treefolk.docx,0,"The Treefolk
The Treefolk are lithe, graceful beings who seem to embody the very essence of the forest they call home. Standing as tall as humans but weighing less than half as much, their bodies are composed of a wood-like substance that bends and flexes with surprising agility. Their skin resembles bark, ranging from pale birch to dark oak, often adorned with leaf-like patterns that change color with the seasons. Treefolk faces are serene and ageless, with eyes that sparkle like dew-kissed leaves in sunlight. They are unparalleled archers and trackers, moving through the forest with silent, fluid grace. While physically fragile compared to other races, their deep connection to nature allows them to communicate with plants and animals, and even manipulate the growth of vegetation. Treefolk society is loosely organized, with individuals coming together in small groves for mutual protection and companionship. They are peaceful by nature but fiercely protective of their forest home."
Veyron_Thunderhand.docx,0,"Veyron Thunderhand
Veyron is a warrior renowned for his control over lightning magic during aerial battles against sky predators or rival clans vying for Skyway dominance. His imposing presence and booming voice make him a natural leader in times of conflict, though his temper can sometimes get the better of him. Veyron is fiercely protective of his clan and views any threat to their freedom as an unforgivable offense. He has little patience for diplomacy and often pushes for decisive action, which puts him at odds with Aeryn’s more cautious approach. Despite this, he deeply respects her navigational skills and would risk his life to protect her. Veyron’s ultimate motivation is to ensure the survival of the Stormriders by any means necessary, even if it means embracing war.
"
Aeryn_Cloudpiercer.docx,0,"Aeryn Cloudpiercer
Aeryn is one of the most skilled navigators among the Stormriders, known for her ability to chart safe paths through even the most chaotic Skyways storms. Her opalescent skin glows faintly in moonlight, and her cloud-like hair shifts with the wind, reflecting her deep connection to the skies. Aeryn values freedom above all else but feels increasingly torn between her clan's nomadic lifestyle and her growing desire to settle down somewhere stable—a controversial stance among Stormriders. She has a close bond with Veyron Thunderhand, whom she sees as a protective older brother, though they often clash over her reluctance to embrace conflict. Aeryn’s ultimate motivation is to find a way to balance her love for exploration with her longing for a place to call home.
"
Zrakka_the_Shaman.docx,0,"Zrakka the Shaman
Zrakka is the spiritual advisor to Gorath and one of the few individuals he trusts implicitly. A hunched and wizened goblin with glowing green eyes, Zrakka wields powerful earth magic drawn from the heart of Mt. Dorn itself. She believes the mountain is alive and speaks to her through visions and dreams. Zrakka despises the gnomes for their ""soulless mining,"" which she claims disrupts the mountain’s spirit. She also has a wary respect for the Treefolk, whom she sees as kindred spirits in their reverence for nature. Zrakka’s motivations revolve around protecting Mt. Dorn’s mystical energies and ensuring that Gorath remains aligned with what she perceives as the mountain’s will.
"
The_Goblins.docx,0,"The Goblins
The goblins of Mt. Dorn are a hardy and resourceful people, living in the shadow of their imposing leader, Gorath the Goblin King. Unlike their smaller kin elsewhere, these goblins are robust and fiercely loyal, often standing taller and stronger due to their mountainous environment. They inhabit a network of caves and tunnels within Mt. Dorn, where they craft crude but effective tools and traps. The goblins are skilled hunters and scavengers, surviving off the mountain's bounty and whatever they can plunder from neighboring lands. Despite their rough exterior, they have a deep cultural heritage, with stories and songs passed down through generations that speak of ancient heroes and forgotten magic. Their society is tribal and hierarchical, with Gorath at the apex, but they also have a strong sense of community and shared purpose. This unity makes them formidable opponents when defending their mountain home."
Mt_Dorn.docx,0,"Mt. Dorn
Mt. Dorn looms over the surrounding landscape, its peak often shrouded in mist and mystery. The mountain is a geological marvel, with steep, craggy cliffs giving way to lush, hidden valleys. Its surface is a patchwork of dense forests, barren rock faces, and glittering streams that cascade down its slopes. Caves honeycomb the mountain's interior, some natural, others expanded by the Goblin King's predecessors. These caverns are said to hold vast mineral wealth, including veins of gold, silver, and rare gems. The mountain's ecosystem is diverse, home to unique flora and fauna found nowhere else in the region. Giant eagles nest on its highest peaks, while peculiar, luminescent fungi grow in its deepest caves. The air around Mt. Dorn is often thick with magic, causing strange phenomena like floating rocks or spontaneous rainbows. This mystical energy is believed to be tied to the mountain's mineral wealth, further fueling the desire of outsiders to access its riches."
The_Stormriders.docx,0,"The Stormriders
The Stormriders are a nomadic people who have made the turbulent skies their home. They are tall and lean, with skin that shimmers with an opalescent sheen, changing color based on the surrounding atmosphere. Their hair is cloud-like, constantly shifting and billowing as if caught in an ethereal breeze. Stormriders possess the innate ability to control air currents, allowing them to fly and manipulate weather on a small scale. They travel in clans aboard massive, living cloudships - organic vessels that resemble cumulus clouds and are guided by the collective will of the clan. Stormrider society is based on the principle of freedom, with leadership determined by skill rather than heredity. They are master traders, using their mobility to transport goods between distant lands. Despite their peaceful nature, Stormriders are formidable in battle, using their control over wind and lightning to devastating effect when threatened."
The_Deepkin.docx,0,"The Deepkin
The Deepkin are an enigmatic race that dwells in the lightless depths of the world's oceans. Humanoid in shape but clearly adapted for aquatic life, they have smooth, bioluminescent skin that ranges from deep blue to ghostly white. Their large, pupil-less eyes can see in the darkest waters, and they possess both lungs and gills, allowing them to survive above and below water. Webbed hands and feet, along with a powerful tail, make them exceptional swimmers. Deepkin society is highly structured and ritualistic, organized around vast underwater cities built from coral and stone. They are master craftsmen, creating intricate items from materials found in the deep sea. Their technology, a blend of biology and magic, allows them to manipulate water pressure and temperature. The Deepkin are deeply spiritual, worshipping the primal forces of the ocean. While generally isolationist, they occasionally venture to the surface world to trade rare deep-sea resources or warn of impending oceanic disasters."
TreeHome.docx,0,"TreeHome
TreeHome is an ancient, primordial forest that stretches as far as the eye can see, its canopy a tapestry of green hues that shift and dance in the breeze. Massive trees, some over a thousand years old, form living towers that reach hundreds of feet into the sky. Their branches intertwine to create a complex network of natural bridges and platforms high above the forest floor. Sunlight filters through the leaves, casting dappled shadows on a lush undergrowth of ferns, moss, and flowering plants. Crystal-clear streams meander through the forest, their waters teeming with fish and feeding myriad pools and small lakes. The air is thick with the scent of earth and growing things, punctuated by the calls of countless birds and insects. TreeHome is alive with magic, with certain groves known to grant visions or heal ailments. At night, bioluminescent fungi and fireflies create a magical display, turning the forest into a glittering wonderland."
The_Skyways.docx,0,"The Skyways
The Skyways are not a single location but a vast network of air currents, thermal updrafts, and mystical wind lanes that crisscross the upper atmosphere. To the untrained eye, the Skyways appear as nothing more than open sky, but to the Stormriders, they are as clear as paved roads. These aerial pathways connect distant lands, allowing for rapid travel and trade. The Skyways are in constant flux, shifting with weather patterns and magical disturbances. Some routes are calm and easy to navigate, while others are treacherous, filled with turbulence, electrical storms, and occasionally, predatory flying creatures. Certain intersections of the Skyways form stable pockets of calm air known as Sky Harbors, where Stormriders and other airborne travelers can rest and trade. The origins of the Skyways are unknown, with some believing they are natural phenomena and others insisting they were created by an ancient, long-lost civilization of sky dwellers."
Kaelis_Windweaver.docx,0,"Kaelis Windweaver
Kaelis is a mystic among the Stormriders, revered for his ability to commune with the Skyways themselves. His translucent skin shimmers with an otherworldly light, and his eyes seem to reflect distant storms on the horizon. Kaelis spends much of his time meditating on cloudships or wandering alone through turbulent winds, seeking guidance from what he calls ""the Breath of the Sky."" While many see him as eccentric, his predictions about weather patterns and Skyway shifts have saved countless lives. Kaelis has no interest in leadership or politics but serves as an advisor when the clan faces existential threats. He has a deep respect for Aeryn’s navigational instincts and often shares cryptic wisdom with her. Kaelis’s ultimate motivation is to uncover the true origins of the Skyways, which he believes hold secrets that could change the fate of all who traverse them.
"
Sylvara_Willowbark.docx,0,"Sylvara Willowbark
Sylvara is one of TreeHome’s oldest living members, her bark-like skin weathered by centuries of life in the forest. As an elder healer and spiritual leader, she guides her people with wisdom drawn from generations past. Sylvara has little patience for outsiders but respects those who show reverence for nature’s gifts—she even maintains cautious ties with Zrakka of Mt. Dorn due to their shared spiritual beliefs about land stewardship.
"
