subject,predicate,object,sentence,source_file,chunk_id
he,admires,ingenuity,"Eryndor feels conflicted about these groups; while he admires their ingenuity, he despises their disregard for nature’s balance.",Eryndor_Leafshade.docx,0
he,despises,disregard,"Eryndor feels conflicted about these groups; while he admires their ingenuity, he despises their disregard for nature’s balance.",Eryndor_Leafshade.docx,0
gorath,views,himself,"Gorath views himself as the sole protector of Mt. Dorn, believing its riches are sacred and must not fall into the hands of outsiders.",Gorath_the_Goblin_King.docx,0
he,sees,which,"His hatred for the gnomes stems from their relentless attempts to mine his mountain, which he sees as an affront to his sovereignty.",Gorath_the_Goblin_King.docx,0
who,prove,strength,Gorath is deeply distrustful of outsiders but harbors a grudging respect for those who prove their strength or cunning.,Gorath_the_Goblin_King.docx,0
gorath,has,spot,"Despite his brutal exterior, Gorath has a soft spot for his goblin kin, often secretly aiding struggling goblin families in his domain.",Gorath_the_Goblin_King.docx,0
vents,create,oases,"Hydrothermal vents create oases of warmth and nutrients, supporting complex ecosystems.",The_Abyssal_Realm.docx,0
each,holding,treasures,"The Abyssal Realm is dotted with the ruins of ancient civilizations, sunken cities, and shipwrecks, each holding untold treasures and mysteries.",The_Abyssal_Realm.docx,0
energies,permeate,areas,"Strange energies permeate certain areas, creating pockets where the laws of nature seem to warp and twist.",The_Abyssal_Realm.docx,0
he,harbors,hatred,"He harbors an intense hatred for Gorath, whom he sees as an obstacle to gnomish prosperity.",Thalric_Ironbeard.docx,0
he,sees,whom,"He harbors an intense hatred for Gorath, whom he sees as an obstacle to gnomish prosperity.",Thalric_Ironbeard.docx,0
thalric,rallying,support,Thalric has been rallying support among neighboring factions to pressure or overthrow the Goblin King but struggles with internal dissent from more pacifist gnomes.,Thalric_Ironbeard.docx,0
talyss,give,gold,"If the player can get there in time, Talyss will give the player 50 gold.",FindingMtDorn_quest.docx,0
talyss,give,quests,"If the player fails, Talyss will not give any more quests to the player and they will reduce the player’s reputation with all factions other than the Goblins.",FindingMtDorn_quest.docx,0
they,reduce,reputation,"If the player fails, Talyss will not give any more quests to the player and they will reduce the player’s reputation with all factions other than the Goblins.",FindingMtDorn_quest.docx,0
player,make,it,The player must make it to Mt. Dorn within the next 40 turns to succeed.,FindingMtDorn_quest.docx,0
that,calm,storms,"Talyss Wavecaller
Talyss is a priestess of the Deepkin, known for her hauntingly beautiful voice that can calm storms or summon tidal waves depending on her intent.",Talyss_Wavecaller.docx,0
she,wears,jewelry,"Her bioluminescent skin glows with soft blue patterns that shift like ocean currents, and she wears ceremonial coral jewelry that signifies her high rank within Deepkin society.",Talyss_Wavecaller.docx,0
that,signifies,rank,"Her bioluminescent skin glows with soft blue patterns that shift like ocean currents, and she wears ceremonial coral jewelry that signifies her high rank within Deepkin society.",Talyss_Wavecaller.docx,0
she,views,dwellers,She views surface dwellers with suspicion but is willing to negotiate if it serves the greater good of her people.,Talyss_Wavecaller.docx,0
it,serves,good,She views surface dwellers with suspicion but is willing to negotiate if it serves the greater good of her people.,Talyss_Wavecaller.docx,0
talyss,has,relationship,"Talyss has a tense relationship with Korran Tidebreaker, whom she sees as too reckless in his dealings with outsiders.",Talyss_Wavecaller.docx,0
she,sees,whom,"Talyss has a tense relationship with Korran Tidebreaker, whom she sees as too reckless in his dealings with outsiders.",Talyss_Wavecaller.docx,0
dwellers,disrupt,balance,"Her ultimate motivation is to maintain harmony within the Abyssal Realm while ensuring that surface-dwellers do not disrupt its delicate balance.
",Talyss_Wavecaller.docx,0
who,spent,most,"Korrik Deepdelve
Korrik is a grizzled miner who has spent most of his life exploring the deepest tunnels of the Ironroot Range.",Korrik_Deepdelve.docx,0
he,has,sense,"He has an almost supernatural sense for finding valuable ore veins but harbors deep resentment toward Thalric’s leadership, believing it prioritizes politics over tradition.",Korrik_Deepdelve.docx,0
it,prioritizes,politics,"He has an almost supernatural sense for finding valuable ore veins but harbors deep resentment toward Thalric’s leadership, believing it prioritizes politics over tradition.",Korrik_Deepdelve.docx,0
riches,secure,future,"Korrik dreams of leading an expedition into Mt. Dorn himself, convinced that its riches could secure the gnomes’ future forever—but he also fears Gorath’s wrath should they fail.
",Korrik_Deepdelve.docx,0
he,fears,wrath,"Korrik dreams of leading an expedition into Mt. Dorn himself, convinced that its riches could secure the gnomes’ future forever—but he also fears Gorath’s wrath should they fail.
",Korrik_Deepdelve.docx,0
who,dedicates,life,"Lyssara Abyssglow
Lyssara is an enigmatic scholar among the Deepkin who dedicates her life to studying ancient ruins scattered across the Abyssal Realm.",Lyssara_Abyssglow.docx,0
she,carries,aura,"Her ghostly white bioluminescence makes her stand out even among her own kind, and she carries an aura of quiet intensity wherever she goes.",Lyssara_Abyssglow.docx,0
she,has,interest,She has little interest in politics but often advises Talyss on matters related to ancient rituals or artifacts.,Lyssara_Abyssglow.docx,0
lyssara,views,expeditions,Lyssara views Korran’s surface expeditions as reckless but secretly envies his courage to explore beyond their watery domain.,Lyssara_Abyssglow.docx,0
that,shape,future,"Her ultimate motivation is to uncover secrets from the past that could shape the future of not just the Deepkin but all who dwell in their world.
",Lyssara_Abyssglow.docx,0
valleys,hide,lakes,Mist-shrouded valleys hide crystal-clear lakes fed by glacial meltwater.,The_Ironroot_Range.docx,0
mountains,harbor,secrets,"The mountains also harbor secrets: hidden hot springs, caves of quartz crystals, and remnants of ancient, long-forgotten civilizations.",The_Ironroot_Range.docx,0
that,strengthen,position,"Korran Tidebreaker
Korran is a bold and ambitious Deepkin warrior who often ventures to the surface world in search of resources or alliances that could strengthen his people’s position in an ever-changing oceanic landscape.",Korran_Tidebreaker.docx,0
he,admires,dwellers,He admires surface dwellers for their ingenuity but also sees them as dangerous intruders who must be carefully managed.,Korran_Tidebreaker.docx,0
that,signify,clan,"Each gnome sports a beard, regardless of gender, often intricately braided and adorned with metallic trinkets that signify their clan and profession.",The_Gnomes.docx,0
they,have,reverence,"They have a deep reverence for the mountains they inhabit, seeing their mining not as exploitation but as a sacred duty to unearth the treasures hidden within the earth.",The_Gnomes.docx,0
worldview,puts,them,"This worldview puts them at odds with the Goblin King, whom they see as a selfish hoarder denying the world the bounty of Mt. Dorn.",The_Gnomes.docx,0
they,see,whom,"This worldview puts them at odds with the Goblin King, whom they see as a selfish hoarder denying the world the bounty of Mt. Dorn.",The_Gnomes.docx,0
krug,sees,resources,"Unlike Gorath, Krug sees Mt. Dorn’s resources as tools for expansion rather than preservation.",Krug_Ironfang.docx,0
he,pushes,gorath,"He constantly pushes Gorath to launch raids against neighboring lands, particularly the gnomes, whom he despises for their arrogance.",Krug_Ironfang.docx,0
he,despises,whom,"He constantly pushes Gorath to launch raids against neighboring lands, particularly the gnomes, whom he despises for their arrogance.",Krug_Ironfang.docx,0
krug,has,patience,"Krug has little patience for diplomacy or subtlety, often clashing with Zrakka over strategy.",Krug_Ironfang.docx,0
creations,revolutionized,mining,"Brynna Gearwhistle
Brynna is a brilliant inventor whose mechanical creations have revolutionized mining in the Ironroot Range.",Brynna_Gearwhistle.docx,0
brynna,views,gorath,Brynna views Gorath less as an enemy and more as a puzzle to be solved; she believes diplomacy or clever negotiation could unlock access to Mt. Dorn’s riches without bloodshed.,Brynna_Gearwhistle.docx,0
diplomacy,unlock,access,Brynna views Gorath less as an enemy and more as a puzzle to be solved; she believes diplomacy or clever negotiation could unlock access to Mt. Dorn’s riches without bloodshed.,Brynna_Gearwhistle.docx,0
outlook,puts,her,"Her optimistic outlook often puts her at odds with Thalric but endears her to younger gnomes seeking alternatives to conflict.
",Brynna_Gearwhistle.docx,0
temper,lands,him,"Kael Thornstride
Kael is a hunter whose skill with a bow is unmatched among the Treefolk but whose fiery temper often lands him in trouble with elders like Sylvara.",Kael_Thornstride.docx,0
kael,harbors,resentment,"Kael harbors deep resentment toward outsiders who encroach on TreeHome’s borders, particularly Goblins who raid nearby forests for resources or Gnomes who clear-cut trees near their mines.
",Kael_Thornstride.docx,0
who,raid,forests,"Kael harbors deep resentment toward outsiders who encroach on TreeHome’s borders, particularly Goblins who raid nearby forests for resources or Gnomes who clear-cut trees near their mines.
",Kael_Thornstride.docx,0
skin,resembles,bark,"Their skin resembles bark, ranging from pale birch to dark oak, often adorned with leaf-like patterns that change color with the seasons.",The_Treefolk.docx,0
that,change,color,"Their skin resembles bark, ranging from pale birch to dark oak, often adorned with leaf-like patterns that change color with the seasons.",The_Treefolk.docx,0
temper,get,better,"His imposing presence and booming voice make him a natural leader in times of conflict, though his temper can sometimes get the better of him.",Veyron_Thunderhand.docx,0
he,has,patience,"He has little patience for diplomacy and often pushes for decisive action, which puts him at odds with Aeryn’s more cautious approach.",Veyron_Thunderhand.docx,0
which,puts,him,"He has little patience for diplomacy and often pushes for decisive action, which puts him at odds with Aeryn’s more cautious approach.",Veyron_Thunderhand.docx,0
he,respects,skills,"Despite this, he deeply respects her navigational skills and would risk his life to protect her.",Veyron_Thunderhand.docx,0
aeryn,values,freedom,Aeryn values freedom above all else but feels increasingly torn between her clan's nomadic lifestyle and her growing desire to settle down somewhere stable—a controversial stance among Stormriders.,Aeryn_Cloudpiercer.docx,0
she,has,bond,"She has a close bond with Veyron Thunderhand, whom she sees as a protective older brother, though they often clash over her reluctance to embrace conflict.",Aeryn_Cloudpiercer.docx,0
goblin,wields,magic,"A hunched and wizened goblin with glowing green eyes, Zrakka wields powerful earth magic drawn from the heart of Mt. Dorn itself.",Zrakka_the_Shaman.docx,0
zrakka,wields,magic,"A hunched and wizened goblin with glowing green eyes, Zrakka wields powerful earth magic drawn from the heart of Mt. Dorn itself.",Zrakka_the_Shaman.docx,0
zrakka,despises,gnomes,"Zrakka despises the gnomes for their ""soulless mining,"" which she claims disrupts the mountain’s spirit.",Zrakka_the_Shaman.docx,0
which,disrupts,spirit,"Zrakka despises the gnomes for their ""soulless mining,"" which she claims disrupts the mountain’s spirit.",Zrakka_the_Shaman.docx,0
she,has,respect,"She also has a wary respect for the Treefolk, whom she sees as kindred spirits in their reverence for nature.",Zrakka_the_Shaman.docx,0
she,perceives,what,"Zrakka’s motivations revolve around protecting Mt. Dorn’s mystical energies and ensuring that Gorath remains aligned with what she perceives as the mountain’s will.
",Zrakka_the_Shaman.docx,0
they,inhabit,network,"They inhabit a network of caves and tunnels within Mt. Dorn, where they craft crude but effective tools and traps.",The_Goblins.docx,0
they,craft,tools,"They inhabit a network of caves and tunnels within Mt. Dorn, where they craft crude but effective tools and traps.",The_Goblins.docx,0
they,plunder,whatever,"The goblins are skilled hunters and scavengers, surviving off the mountain's bounty and whatever they can plunder from neighboring lands.",The_Goblins.docx,0
they,have,heritage,"Despite their rough exterior, they have a deep cultural heritage, with stories and songs passed down through generations that speak of ancient heroes and forgotten magic.",The_Goblins.docx,0
they,have,sense,"Their society is tribal and hierarchical, with Gorath at the apex, but they also have a strong sense of community and shared purpose.",The_Goblins.docx,0
unity,makes,opponents,This unity makes them formidable opponents when defending their mountain home.,The_Goblins.docx,0
cliffs,giving,way,"The mountain is a geological marvel, with steep, craggy cliffs giving way to lush, hidden valleys.",Mt_Dorn.docx,0
that,cascade,slopes,"Its surface is a patchwork of dense forests, barren rock faces, and glittering streams that cascade down its slopes.",Mt_Dorn.docx,0
caves,honeycomb,interior,"Caves honeycomb the mountain's interior, some natural, others expanded by the Goblin King's predecessors.",Mt_Dorn.docx,0
who,made,skies,"The Stormriders
The Stormriders are a nomadic people who have made the turbulent skies their home.",The_Stormriders.docx,0
stormriders,possess,ability,"Stormriders possess the innate ability to control air currents, allowing them to fly and manipulate weather on a small scale.",The_Stormriders.docx,0
that,resemble,clouds,"They travel in clans aboard massive, living cloudships - organic vessels that resemble cumulus clouds and are guided by the collective will of the clan.",The_Stormriders.docx,0
they,have,skin,"Humanoid in shape but clearly adapted for aquatic life, they have smooth, bioluminescent skin that ranges from deep blue to ghostly white.",The_Deepkin.docx,0
they,possess,lungs,"Their large, pupil-less eyes can see in the darkest waters, and they possess both lungs and gills, allowing them to survive above and below water.",The_Deepkin.docx,0
them,manipulate,pressure,"Their technology, a blend of biology and magic, allows them to manipulate water pressure and temperature.",The_Deepkin.docx,0
that,reach,hundreds,"Massive trees, some over a thousand years old, form living towers that reach hundreds of feet into the sky.",TreeHome.docx,0
fungi,create,display,"At night, bioluminescent fungi and fireflies create a magical display, turning the forest into a glittering wonderland.",TreeHome.docx,0
that,crisscross,atmosphere,"The Skyways
The Skyways are not a single location but a vast network of air currents, thermal updrafts, and mystical wind lanes that crisscross the upper atmosphere.",The_Skyways.docx,0
pathways,connect,lands,"These aerial pathways connect distant lands, allowing for rapid travel and trade.",The_Skyways.docx,0
intersections,form,pockets,"Certain intersections of the Skyways form stable pockets of calm air known as Sky Harbors, where Stormriders and other airborne travelers can rest and trade.",The_Skyways.docx,0
kaelis,spends,much,"Kaelis spends much of his time meditating on cloudships or wandering alone through turbulent winds, seeking guidance from what he calls ""the Breath of the Sky.""",Kaelis_Windweaver.docx,0
he,calls,what,"Kaelis spends much of his time meditating on cloudships or wandering alone through turbulent winds, seeking guidance from what he calls ""the Breath of the Sky.""",Kaelis_Windweaver.docx,0
many,see,him,"While many see him as eccentric, his predictions about weather patterns and Skyway shifts have saved countless lives.",Kaelis_Windweaver.docx,0
predictions,saved,lives,"While many see him as eccentric, his predictions about weather patterns and Skyway shifts have saved countless lives.",Kaelis_Windweaver.docx,0
kaelis,has,interest,Kaelis has no interest in leadership or politics but serves as an advisor when the clan faces existential threats.,Kaelis_Windweaver.docx,0
clan,faces,threats,Kaelis has no interest in leadership or politics but serves as an advisor when the clan faces existential threats.,Kaelis_Windweaver.docx,0
he,has,respect,He has a deep respect for Aeryn’s navigational instincts and often shares cryptic wisdom with her.,Kaelis_Windweaver.docx,0
which,hold,secrets,"Kaelis’s ultimate motivation is to uncover the true origins of the Skyways, which he believes hold secrets that could change the fate of all who traverse them.
",Kaelis_Windweaver.docx,0
that,change,fate,"Kaelis’s ultimate motivation is to uncover the true origins of the Skyways, which he believes hold secrets that could change the fate of all who traverse them.
",Kaelis_Windweaver.docx,0
who,traverse,them,"Kaelis’s ultimate motivation is to uncover the true origins of the Skyways, which he believes hold secrets that could change the fate of all who traverse them.
",Kaelis_Windweaver.docx,0
she,guides,people,"As an elder healer and spiritual leader, she guides her people with wisdom drawn from generations past.",Sylvara_Willowbark.docx,0
sylvara,has,patience,"Sylvara has little patience for outsiders but respects those who show reverence for nature’s gifts—she even maintains cautious ties with Zrakka of Mt. Dorn due to their shared spiritual beliefs about land stewardship.
",Sylvara_Willowbark.docx,0
who,show,reverence,"Sylvara has little patience for outsiders but respects those who show reverence for nature’s gifts—she even maintains cautious ties with Zrakka of Mt. Dorn due to their shared spiritual beliefs about land stewardship.
",Sylvara_Willowbark.docx,0
she,maintains,ties,"Sylvara has little patience for outsiders but respects those who show reverence for nature’s gifts—she even maintains cautious ties with Zrakka of Mt. Dorn due to their shared spiritual beliefs about land stewardship.
",Sylvara_Willowbark.docx,0
